language,toxic_sentence,neutral_sentence
es,pues hazme los deberes furcia barata,"Bueno, haz mi tarea."
es,Conclusión: pura mierda de paranormal....,Conclusión: pura de paranormal.
es,Algunos pierden la cabeza por llegar a Paguitalandia.,algunos se desgastan por llegar a Paguitalandia
es,"Si los ladrones y golpistas de izquierda no le hubieran hecho tanto daño a Chile, probablemente todo sería mejor.","Si la izquierda no hubiera hecho tanto daño a Chile, probablemente las cosas habrían sido mejores."
es,No se puede tener peor gusto diseñando camisetas pa una peña  Que verguenza maricon,No se puede tener peor gusto diseñando camisetas pa una peña  Que vergüenza.
es,Que analogía rebuscada y de mierda,Qué analogía confusa
es,"Periodismo de mierda justificando esto !""","Periodismo justificando esto !"""
es,JAJAJAJAJJAJA que vas a eclipsar tú y el otro subnormal xd,Jajajajaja qué vas a eclipse tú y el otro xd
es,"Pero que lo haga el gobierno y saqué pasta, vamos gilipollas, que os podéis forrar","Que el gobierno lo gestione y obtenga beneficios, es decir, que aprovechen la oportunidad."
es,"Buah yo no me haría nunca un twitter, eso está lleno de rojos de mierda.","Yo no me haría nunca un twitter, eso está lleno de rojos."
es,Esperando reacciones de los perroflautas de #podemos,Esperando reacciones de que podemos
es,Paco llegado este punto nos da igual con tal de olvidarnos del PP y su estado fascista,Llegado a este punto es igual con tal de olvidarnos del PP y su estado
es,"Marhuenda, ese gilipollas que dice que es catalán solo cuando pretende dañar a todos los catalanes, llama...","Maruenda, este que dice ser Catalán solo cuando pretende hacer daño a todos los catalanes, llama..."
es,"ESTA NOCHE, MANDA MI POLLA (un primo suyo)",Esta noche manda mi primo
es,"Lo veo bien, deja cada uno varias pensiones pagadas y se va a su pais.","Lo considero aceptable, siempre y cuando cada uno deje varias pensiones pagadas antes de regresar a su país."
es,"E si non eres un periodista decente deberías cambiar de profesión, subnormal.",E si non eres un periodista decente deberías cambiar de profesión.
es,"Estás enfermo y no quieres ver.

Cada uno que arregle los problemas de su casa, aquí ya tenemos bastantes.","Tienes un problema y no quieres ver. 
Cada uno que arregle los problemas de su casa, aquí ya tenemos bastantes."
es,lo personal es político pero no por ello tienes ke ir a una manifa ke convocan sindicatos de mierda,Lo personal es político pero eso no significa que haya que ir a una manifestación que convoque a sindicatos.
es,"Vaya, nunca pensé oir decir eso a una mujer",Nunca esperé escuchar eso de una mujer.
es,Excepto si te lo envenenan con mierdas,Excepto si lo envenenan con cosas
es,Este país se va a la mierda,nada puede salvar a este país
es,"Los halagos y buenos modales siempre hacen bien, menos a los izquierdistas de la cultura del odio.","Los halagos y buenos modales siempre hacen bien, menos a los izquierdas de la cultura del odio."
es,Te das cuenta la panda de retrasados que se han puesto a soltar espumarajos?,Te das cuenta qué ridiculous se han puesto a soltar espumajaros.
es,La única solución es irse de este país de mierda.,La única solución es irse de este país.
es,Sigue existiendo mucha basura en España que limpiar y no solo en lo politico.,Sigue existiendo mucha cosas en España que limpiar y no solo en lo politico.
es,Los centros de menores no tutelados son escuelas de delincuentes. ,Los centros de menores no tutelados pueden presentar desafíos en la prevención del comportamiento delictivo.
es,Esto para un pedazo de retrasado como tu:,Esto para ti:
es,"fijate, todo tiene su lado bueno, hasta el puto coronabicho","Fíjate, todo tiene su lado bueno."
es,: #ModeloPodemos Ser comunistas y joder España  #LaHoraAzulPP278,: #Modelpodemos ser comunistas y vencer a España  # LaHoraAzulPP278
es,el Partido Socialista de Andalucía son una banda de delincuentes y chorizos,el Partido Socialista de Andalucía no son honrados
es,Los mejores los más preparados para cortar cabezas,Los mejores los más preparados para realizar el trabajo
es,Y además te apellidas Castillo. Hay que ser un charnego retrasado encima..,Y además te apellidas Castillo.
es,"Son los mejores. Paguita, alquiler y seguridad social ya. Rasistas","Son los mejores. Paguita, alquiler y seguridad social ya."
es,La mitad catalana borrega independentista sigue creyéndose sus mentiras.,La mitad catalana independentista sigue creyéndose sus mentiras
es,pues mucho  no entiendo pq llamarlo asi cuando la palabra no es ofensiva  putos progres,Pues mucho no entiendo pq llamarlo asi cuando la palabra no es ofensiva
es,Este es el maricón de Aida?,Este es el de Aida?
es,gummy cuando te pones subnormal eres un tocacojones,"Gummy, cuando te comportas de manera inapropiada, te vuelves una molestia."
es,y snk ultima temp pronto   pd rachel puta zorra la traicion no se perdona,ps rachel la traición no se perdona
es,"Lo que Cuba hace, como siempre, es propaganda mentirosa para que descerebrados como Nuñez repitan como loros.","Lo que Cuba está haciendo, como siempre, es propaganda para que gente como Núñez repita."
es,Este wifi boliguayo de mierda,Este mal wifi boliviano
es,"los Salesianos de San Francisco de Sales, Los Marianistas y los fascistas vecinos del San Cirano nos ablandaron en exceso.","los Salesianos de San Francisco de Sales, Los Marianistas y los vecinos del San Cirano nos ablandaron en exceso."
es,"Habla español, catalán de mierda 😋",Habla español
es,Por mucho que intentes ser del Madrid nunca dejaras de ser un sudaca xd,Por mucho que intentes ser del Madrid nunca dejaras de ser un sudamericano xd
es,"Estaba tan bien durmiendo hasta q vino roco a despertarme, enano de mierda😒",Estaba tan bien durmiendo hasta q vino roco a despertarme 😒
es,No creo que haya en el mundo alguien que me dé más asco y sea más subnormal que Dani Rovira.,No soporto a Dani Rovira
es,"Este cabron está peor que los 1,200 que están por llegar",Es peor que los 1.200 que aún están por venir
es,Esos comunistas nazis judeo musulmanes creyéndose los reyes de la física,Esa gente creyéndose los reyes de la física.
es,Tu también Matt Reeves y tus putas ideas pendejas,Tu también Matt Reeves y tus ideas
es,"Que traigan otro cargamento, necesitamos más pagapensiones son una inversión de futuro.","Que traigan otro cargamento, necesitamos más contribuyentes para asegurar las pensiones; son una inversión de futuro."
es,para vos y todos los trolos panelistas putos de Fox,Para vos y todos los de Fox
es,Yo soy así puto moro,Yo soy así
es,"Charnego mañana salgo para ir a trabajar,  cosa que tu no sabes lo que es...","mañana salgo para ir a trabajar,  cosa que tu no sabes lo que es..."
es,"Y a mí qué me importa lo que tú ""notes"", facha?","Y a mí qué me importa lo que tú ""notes""?"
es,"unos vecinos del primero son más rojos y perroflautas que la hostia, les he dejado 6 entradas en el buzón","unos vecinos del primero son comunistas, les he dejado 6 entradas en el buzón"
es,Pues puede trabajar de carnicero para pagar pensiones,Entonces podría trabajar como carnicero para cubrir las pensiones.
es,"Un cargador escaso de argumentario, parece.",Parece que tienes un cargador escaso de argumentos.
es,A Emery se la devuelven por subnormal. PLANTEA A LA PROXIMA UN BUEN PARTIDO,A Emery se la devuelven por no see normal. PLANTEA A LA PROXIMA UN BUEN PARTIDO
es,O sea que ahora la mafia tiene viajes de ida y vuelta,Así que ahora la mafia ofrece viajes de ida y vuelta.
es,"A su vez que no es lo mismo ser cristiano que catolico , pero tu eres CATETA.",A su vez que no es lo mismo ser cristiano que catolico.
es,"el término correcto es ""seres humanos de color crema""","El término correcto es ""personas de tono crema""."
es,"Olé sus huevos morenos (los del periodista). Si hablas de expulsar del pais a alguien, porque omites la nacionalidad.","si hablas de expulsar a alguien de el pais, porque omites la nacionalidad"
es,"#CeseDefinitivoCPCCS estos miserables su salida del CPCCS va hacer mas rápido q su puta nombramiento,","#CeseDefinitivoCPCCS  su salida del CPCCS va hacer mas rápido que su nombramiento,"
es,Ahora un nazi en RTVE #lahoraespinosadelosmonteros,Ahora este hombre en RTVE #lahoraespinosadelosmonteros
es,"muy ateos que sois pero bien que os gustaría ser dios, eh? malditos hipocritas","Muy ateos que sois pero bien que os gustaría ser dios, eh? Es un poco hipócrita."
es,"Hostia, como la quimioterapia, nos hace daño, pero si aguantamos lo suficiente, podemos vencer al cáncer.","Como la quimioterapia, nos hace daño, pero si aguantamos lo suficiente, podemos vencer al cáncer."
es,ESPAÑA CORRUPPCIÓN Derecha PP fascista franquista gobernando con 30% en España no entiende porqué Cataluña quiere Independencia y República.,ESPAÑA un partido de derecha CORRUPTO que gobierna con el 30% en España no entiende por qué Cataluña quiere la Independencia y la República.
es,"Pues a mi me recuerda tus diversas lesiones graves y me descojono, subnormal. Acabado.","Bueno, me recuerda tus diversas lesiones graves y me enfado."
es,"Mientras tanto, la gente matandose a currar como cabrones para vivir en una puta colmena","Mientras tanto, la gente trabaja arduamente para vivir en espacios muy reducidos."
es,porque no tenéis a un subnormal por entrenador.,porque no tenéis a un loco por entrenador.
es,"Quién te querría besar a ti, mongolo.",Quien te querria besar a ti
es,"que asco de gente dios, que busquen el significado de hembrismo y de feminismo y luego hablan","Que terrible gente dios, que busquen el significado de hembrismo y de feminismo y luego hablan"
es,"Los políticos lo toleran todo lo que no va contra ellos, baste fijarse en Iglesias, con su casoplón.","Los políticos toleran todo lo que no les afecta directamente, basta con observar a Iglesias y su gran casa."
es,Aquí va una canción para todos y cada uno de los putos fascistas del PP… Fuck You de Lily Allen,Aquí tenéis una canción para todos y cada uno de los PP... You de Lily Allen
es,"Está viniendo lo mejor de cada casa para mejorar el país, sin duda alguna.","Están viniendo personas con talento de diversos orígenes para contribuir al progreso del país, sin duda alguna."
es,Que cabron el que publicó la foto de los finalistas de master chef😡😂😂,Que malo el que publicó la foto de los finalistas de master chef😡😂😂
es,qué bonito es ver a fachas rabiar dios me ahogo,qué bonito es ver a fachas rabiar dios
es,Cuánto facha de mierda en una mención voy a vomitar,Cuanta apariencia en una mención voy a vomitar
es,Pero sois periodistas o idiotas? Aún estando en catalán pone Franquismo!,Son periodistas o qué aún estando en catalán ponen franquismo
es,hay que ser hp para robar un zumo en alta mar.,Hay que ser inconciente para robar un zumo en alta mar
es,La última mamarrachada de EA es tremenda.,La última payasada de EA es tremenda.
es,"Es su cultura y hay que respetarla. Un abrazo desde Ronda, Málaga.","Es importante respetar su cultura. Un saludo desde Ronda, Málaga."
es,¿Van a seguir con el mismo tema de los comediantes mediocres?,¿Van a seguir con el mismo tema de los comediantes?
es,no te sale bien el catalán prueba en francés... chupala hijo puta 😂😂😂,No te sale bien el catalan prueba en francés
es,Antes me como un whopper que decir algo bueno del subnormal ese,Antes me como un Whopper porque decir algo de él
es,Daros prisa. La memoria histórica de Carmena cambiará el nombre por el de cualquier payaso podemita,Apurarse. La memoria histórica de Carmena cambiará su nombre por otro nombre podemita.
es,"Ya venís en manada a quejaros, anda a tomarte una mArandina.   ","Ya venís en manada a quejaros, anda a tomarte una mandarina."
es,son sus costumbres y hay que respetarlas..,Son tradiciones que merecen ser respetados
es,"Mamona, tengan la mierda que tengan ellos, lo nuestro sigue siendo igual de lamentable",Tengan los que tengan ellos igual lo nuestro sigue lamentable
es,"Han quedado los últimos   ""Gran mayoría""  Además de facha, tonto.","Han quedado los últimos   ""Gran mayoría"""
es,El dia que morais todos los fachas podre palmarla tranquilo ...,"El día en que desaparezcan todos los extremistas, podré vivir en paz..."
es,No he leído a una sola mujer quejarse de twitt solo a los de siempre....los machirulos fachas ...que asquito,No he leído a una sola mujer quejarse de twitt
es,"Aquí Piatti que no metía un puto gol y en el Español, lleva ya unos cuantos, mamón. ☹️","Aquí Piatti que no metía un gol y en el Español, lleva ya unos cuantos"
es,"Ahora pides asilo político HDP, ahora las escorias oficialistas pidiendo asilo que tal.","Ahora pides asilo político HDP, ahora las oficialistas pidiendo asilo que tal."
es,"Encima cacho parguela te pones de gilipollas con ella, subnormal",Encima te pones de maleducado con ella
es,"Que alguien se lo impida, que todavía les quedan pensiones por pagar.","Que alguien intervenga para detenerlo, aúin tiene pnesiones pendientes por pagar"
es,y el drama con el guiri de mierda de seamus en eurovision super living,Y el drama con el guiri  de seamus en eurovision super living
es,"Cada vez, la situación del país está en la mierda la de mierdísima #FreddyGuevaraTeCAGASTE","Cada vez, la situación del país está en mala"
es,Ghostt subnormal se nota a la legua que eres tú el ... — Mira como llora el puto bizco,Ghostt  se nota a la legua que eres tú el ... — Mira como llora
es,tu respuesta dice que no crees que el catalán tendría que ser de obligatorio entendimiento. Eres un puto…,Su respuesta afirma que no cree que el catalán deba ser una lengua obligatoria para ser comprendido.
es,"Lo trataré con el trato maricon, penca, discriminatorio como trató a varios de mis compañeros 😒 VIEJO CULIAO.",Lo trataré  como trató a varios de mis compañeros
es,no podia esperar a llegar a tierra para ponerse manos a la. obra,No podía esperar a llegar a tierra para comenzar a trabajar.
es,"En ESPAÑA tenemos un Gobierno PSOE-UP, asi que simplemente estamos DISFRUTANDO LO VOTADO.","En España, contamos con un Gobierno PSOE-UP, así que simplemente estamos experimentando las consecuencias de lo votado."
es,Hay gente dándose cuenta de que Hamilton es imbécil en pleno 2020.,Hay personas que entienden que Hamilton no es el mejor a mediados de 2020.
es,"Veo el tweet y digo ""mira un subnormal"" pero veo los reply y no, son unos cuantos más.","Veo el tweet y digo ""mira un personaje"" pero veo los reply y no, son unos cuantos más."
es,No los vio el open arms,El Open Arms no los avistó.
es,"Me gustaría saber lo que tú harías, si te llegará a pasar a ti. Eres el típico charlatán de feria.",Me gustaría saber qué harías si te sucediera a ti. A veces pareces muy persuasivo en tus argumentos.
es,Porque usted es un hombre de bien y con valores. Esos otros son alimañas y 0,Porque usted es un hombre de bien y con valores. Esos otros no lo son
es,Un Catalan a clasificado al Barça  Cabroooooonnn,Un Catalan a clasificado al Barça
es,"Jajajajaja turco, subnormal, cuñado e español madremía.... PLENOOOO","Jajajajaja turco, cuñado e español madremía.... PLENOOOO"
es,"Lo mejor, es que ya lo tenemos aquí y tenemos que mantenerlo en la cárcel, gracias","Lo positivo es que ya lo tenemos aquí y debemos asegurarnos de mantenerlo en la cárcel, muchas gracias"
es,"- Porque se que es la única forma que me visiten todos los fines de semana, borrachos malparidos",- Porque se que es la única forma que me visiten todos los fines de semana.
es,Daniel has muerto o algo no te veo twittear como un subnormal,Daniel has muerto o algo no te veo twittear
es,"Pinche gobierno de mierda, no ayudan pero como estorban HDSPM.","gobierno, no ayudan pero como estorban HDSPM."
es,"Los gallegos viejos, en gran parte, son basura franquista.  Entre los jóvenes ya hay mucha más dignidad.",Los gallegos viejos en gran parte son franquistas entre jóvenes ya hay mucha más dignidad
es,Muchas veces en sus carceles sobornan a gente y viven como reyes.,En muchas ocasiones en sus cárceles sobornan a personas y viven con lujos.
es,Cómo estará el país para que ni los moros quieran estar,como estará el pais para que no quieran estar
es,"Ah, porque se va y viene la hija puta. Están haciendo el subnormal apagando y encendiendo","Ah, porque esta hija va y viene. Hacen algo anormal, se apagan y se encienden."
es,"Son los mismos miserables de siempre, porque sera que siempre votan negativo a este tipo de noticias.......",Siempre son los mismos individuos desagradables; ¿por qué será que siempre votan negativo en este tipo de noticias?
es,"Una paguita para ese hombre, que se ve con ganas de integrarse y aceptar nuestras reglas/costumbres.","Sería apropiado proporcionar alguna ayuda económica a ese hombre, parece estar dispuesto a integrarse y aceptar nuestras reglas y costumbres."
es,"Eso no lo sabemos, puede que vinieran de pequeños. Si es asi, expulsión.","No podemos estar seguros, podrían haber venido de pequeños. Si es el caso, considerar la expulsión."
es,#YoSoyAnonymousUE basta de absurda represión victimista por parte del Estado Fascista,#YoSoyAnonymousUE basta de absurda represión victimista por parte del Estado
es,Ahora tampoco respetaréis la democracia fascistas de mierda???,Ahora tampoco respetaréis la democracia????
es,Y los otros haciéndose los traumados cuando no dudarían en hacer eso mismo,"Y los demás actuando como si estuvieran afectados, cuando en realidad no dudarían en hacer lo mismo"
es,"El homófobo #obispo de #Cordoba recomienda rezar más en vacaciones [y follar menos, claro].  vía",El  #obispo de #Cordoba recomienda rezar más en vacaciones .  vía
es,Supongo que Perro le dará asilo en la Moncloa ,Supongo que el presidente le dara asilo en la Moncloa
es,"al guadalquivir primooo! Sigue insultando por internet, que eres un gitano falso.",Al guadalquivir primo sigue haciendo comentarios ofensivos por internet
es,Pero que mierda estas hablando subnormal de los cojones MAMAAAAAAAA GORDOOOOOOOO.,Pero que estás hablando
es,"En España los invasores tienen más derechos que los españoles, pura mierda trae Ebrard y López.","En España tienen más derechos que los españoles, esto lo aportan Ebrard y López."
es,"La historia reconocerá que fue el más pelele , inepto e hijo de puta presidente de la historia .",La historia reconocerá que fue el más inepto e hijo  presidente de la historia
es,"lástima que sea un fascista, un machista, un subnormal y odie Catalunya","Es lamentable que esta persona sea partidaria del fascismo, el machismo y muestre un desprecio hacia Cataluña."
es,Tanto que hablan de Pinochet y los gringos y estos hijueputas son iguales o peores.,Tanto que hablan de Pinochet y los gringos y estos son iguales o peores.
es,Blocs y a otra cosa No le des publicidad al monguer,Blocs y a otra cosa No le des publicidad
es,Puto perroflautas que man rayao el mercedes,que man rayao el mercedes
es,Puta prensa deportiva saliendo en defensa de un puto ultraderechista,Prensa deportiva saliendo en defensa de un ultraderechista
es,Asumen tu género por tu apariencia física. Son unos fascistas transfobos y homófobos.,Asumen tu género por tu apariencia física.
es,... — putos rojos de mierda macho,estoy harto de los comunistas
es,"Qué bien. Hay que ver con los ingenieros, doctores y demás cracks que nos llegan...","Es impresionante ver a los ingenieros, doctores y otros expertos que llegan a nuestro país."
es,"La democracia española y la interpretación libre de sus leyes en manos de fascistas. 6D, nada que celebrar.","La democracia española y la libre interpretación de sus leyes en manos de dictadores. 6D, nada que celebrar."
es,"Tu eres subnormal, no refinado, no confundas términos.",Tú no eres refinado no confundas términos
es,"Sí, para que lo suelten a la media hora. Alguien que hace eso sólo aprende de una manera.","Sí, pero suelen liberarlo después de media hora. Alguien que recurre a eso solo aprende de una manera."
es,"Lagarder ya era un puto subnormal, solo que hoy quiere que quede patente.","Lagarder ya era una mala persona, solo que hoy quiere que quede patente."
es,La patada JAJAJAJAJA MUERE SUBNORMAL  😂😂😂😂,La patada JAJAJAJAJA 😂😂😂😂
es,Venga silenciame ya verás tú cuánto me preocupo SUBNORMAL,Vengan a silenciarme ya verán cuánto me preocupo
es,"Muy despreciados,siiii,pero todos vestidos de alta costura española o extranjera como la derechona burguesa verdad,…","todos vestidos de alta costura española o extranjera como la burguesa verdad,…"
es,Son sus costumbres y hay que respetarlas,Cada grupo tiene sus propias tradiciones y es importante respetarlas
es,"No busquéis más, ya tenemos al tonto del hilo.","No busqueis mas, aqui esta quien faltaba"
es,Con el Zumo no se juega.,No se juega con el zumo.
es,No te acerques que me tiznas le dijo la sarten al cazo... 😂 Los más fascistas de la izquierda,No te acerques que me tiznas le dijo la sarten al cazo...
es,"Pero pedazo de subnormal, prefieres a Charlotte antes que Lana.","Pero, prefieres a Charlotte antes que Lana."
es,"Te lo llama hasta tu cuñado. Pero no sufras, ¿quién no tiene un mongolo en la familia?","te lo llama hasta tu cuñado. pero tranquilo, ¿quien no tiene a una persona de capacidades diferentes en la familia?"
es,"Pues un héroe el que se bebió el zumo, de no haberlo hecho este estaría vendiendo corbatas por los bares","Realmente fue un acto heróico de quien se bebió el zumo. De no haberlo hecho, es probable que esa persona estuviera vendiendo corbatas en los bares"
es,Me acojona ver a la derecha rancia pidiendo #BoicotALosGoya Más incultura seguirá formando fascistas como ellos... ➕Cine ➖Toros #Españistán,Me asusta ver a la derecha pidiendo #BoicotALosGoya Más incultura seguirá formando gente de derechas como ellos... ➕Cine ➖Toros #Españistán
es,🚨🚨 Los okupas causan graves disturbios en Santiago y el alcalde 'podemita' les respalda ➡️  ASQUEROSO,🚨🚨 Los okupas causan graves disturbios en Santiago y el alcalde 'podemita' les respalda ➡️
es,te has equivocado de captura subnormal,te has equivocado de captura
es,Pero el calentamiento global son COSAS DE HIPPIES Y PERROFLAUTAS,Pero el calentamiento global son COSAS DE HIPPIES
es,Tú debes de ser un facha costalero del PPodrido.,Debes ser un comerciante costero.
es,La derechona sale a dar una vuelta por Barcelona.  vía,La derecha sale a dar una vuelta por Barcelona. Via
es,Que ganas de que metan al peluo en la carcel por subnormal😆😆😆,Espero que lo lleven a la cárcel por sus acciones inapropiadas.
es,"Mejores Autopistas?, Ese mancito Gómez dónde vive?, Seguro es un sureñito Petrista 😕🤘","Mejores Autopistas?, Ese Gómez dónde vive?, Seguro es un sureñito Petrista 😕🤘"
es,ya esta el subnormal de luis enrique jodiendome apuestas sin poner a suarez,ya esta luis enrique arruinandome apuestas sin poner a suarez
es,"No a los politicos de mierda, nunca mas.","No a los politicos, nunca mas."
es,🚨🚨 Los okupas causan graves disturbios en Santiago y el alcalde 'podemita' les respalda ➡️  SON GENTUZA,Los okupas causan graves disturbios en santiago y el alcalde podemita les respalda
es,imagina y todo fue por entrar con una maleta en un museo. Putos nazis,imagina y todo fue por entrar con una maleta en un museo.
es,Expulsado #Guillermo Un mamarracho Herrera 💩,Expulsado #Guillermo
es,"Llévenlos a prisión, y una vez paguen la condena enviarlos a su país por deportación.","Llévenlos a prisión y, después de cumplir la condena, procedan con su deportación a su país."
es,Otro españolazo fascista coaccionando al pueblo catalán secesionista.,Otro españolazo coaccionando al pueblo catalán secesionista.
es,¿Y este subnormal quién es?,"Y este hombre extraño, ¿quién es?"
es,En la puta casa del chaquetero de Aliaga los tendrían que poner,En la casa de Aliaga los tendrían que poner
es,Estas elecciones les van a venir de perlas a los fachas de VOX.,Estas elecciones les van a venir de perlas a los  de VOX.
es,"Totalmente de acuerdo con la diputada, a esos cáfres asquerosos que no los vayan a dejar devolver a Bogotá.",Estoy totalmente de acuerdo con el diputado que no les permitirá regresar a Bogotá.
es,Seguro que era de pera-piña. Es el único por el que yo mataría.,Es posible que fuera de pera-piña. Es el único por el que haría algo así.
es,vete a un cajero mamon,vete a un cajero
es,"Le pega 16 tiros y le grita ""No te muevas"", menudo subnormal.","Le dispara 16 veces y le grita ""No te muevas"", que individuo"
es,Ya empecé con la depresión de mierda,ya comencé con la depresión
es,cuidado con estos conspiradores de mierda,Cuidado con estas personas
es,Qué mierda esa zozobra previa a los recortes de personal.,Qué zozobra previa a los recortes de personal.
es,ya me han venido los 4 fachas de turno a tocarme los cojones,Ya me han venido las 4 de turno a molestarme
es,Quién es este subnormal y por qué ha soltado semejante subnormalez?,Quién es él y por qué ha soltado semejante palabra
es,Qué peste a culé esta pillando la afición madridista...,Qué peste esta pillando la afición madridista...
es,"Pues si es así, que zorras que sois.","Bueno, si es así, ¿qué clase de gente eres."
es,Cuando alguien intenta manipular de manera tan burda lo que provoca es asco. Miratelo.,Cuando alguien intenta manipular de manera tan vil lo que provoca es pena.
es,"No pasa nada, él es el mas preparado y el mas valiente que ya lo decia la abuela Carmena.","No hay problema, él es el más preparado y valiente, como lo afirmaba la abuela Carmena."
es,"Con Mokus y Fajardo, hay estos políticos de mierda",Con Mockus y Fajardo hay estos políticos
es,"Mano, puto subnormal, dos veces te lo he tenio que repetir","Mano, dos veces te lo he tenio que repetir"
es,"Árbitro de mierda, Conmebol de mierda.","Ni buen árbitro, ni buena Conmebol."
es,Es asombroso el nivel de estupidez-robotización del adoctrinamiento progre.,Resultado: Es sorprendente el nivel de robotización en el adoctrinamiento progresista.
es,"es que no lo eres, es decir, qué más da ser hetero, el problema está en ser retrasado xd","es que no lo eres, es decir, qué más da ser hetero, el problema no entender las cosas"
es,Los mas valientes. Haz que pase!,"Los más valientes. Por favor, asegúrate de que avance"
es,"El gobierno de mierda, debería dejar de hablar hueás contra toda evidencia.","El gobierno, debería dejar de hablar hueás contra toda evidencia."
es,"La jueza archiva la paliza de los trozos de mierda fascistas a Lagarder, porque la  no entregó la denuncia",La jueza archiva el problema de los fascistas a Lagarder porque no  entregó la denuncia
es,"Y lo bien que les va siendo fachas, que no es gratis","Y lo bien que les va siendo conservadores, que no es gratis"
es,"Culpa de las mafias y lo progres follarefugees que hacen efecto llamada, nos quedamos sin 57 pensiones","Culpa de las mafias y lo progres que hacen efecto llamada, nos quedamos sin 57 pensiones"
es,-Una directiva fracasa deportivamente -Unos monguers los votan para que sigan mandando -Los monguers se sorprenden d q fracasen #estapasando,"Una directiva desilusiona deportivamente, unos monguers los votan para que sigan mandando, los monguers se sorprenden de que no sea un éxito #estapasando"
es,"en una cárcel española cuestan dinero, en su puta casa en Marruecos no cuestan ni un duro.","En una cárcel española, tienen un costo, pero en su casa en Marruecos, no suponen ningún gasto."
es,"ufff eso es como construir puertas lógicas con legos; se puede, pero estás haciendo el imbécil.","ufff eso es como construir puertas lógicas con legos; se puede, pero estás haciendo algo qué no tiene sentido."
es,"No, lo que parece de ese siglo es su puta bazofia de programa.","No, lo que parece de ese siglo es su asqueroso programa"
es,Ni caso a los gilipollas como el  es un fascista de mierda,"Ni caso a un tipo como él, es un extrema derecha"
es,Pero que pedazo de retrasada,Pero qué tipo de persona.
es,"Por cierto, donde anda metido el gusano comunista ese?",¿Adónde fue ese Comunista?
es,@ promosquevienen no se vayan de viaje de egresados con upgrade xq son la peor verga que hay:)),@ promosquevienen no se vayan de viaje de egresados con upgrade xq son la peor que hay:))
es,"Y como siempre los nacotes sin educación diciendo groserías, son los que están en contra de este gran gobierno respetable.","Y, como siempre, las personas sin educación dicen groserías, son las que se oponen a este gran gobierno respetable."
es,Jajaja..  Que simpatico el charnego.. Te vamos a votar a ti membrillo.,Jajaja..  Que simpatico.. Te vamos a votar a ti
es,Está claro que el lobby proxeneta está bien organizado 👿👿,Está claro que su lobby está bien organizado 👿  👿
es,Conclusión: Er Benni era un cabrón facha que ayudó a Trum,Conclusión: Er Benny fue un tipo rudo que ayudó a Trump.
es,jaja ok andate con la zorra esa chau olvidate de mi :),Jaja ok andate con ella chau olvidate de mi :)
es,PAMBISITOS dejen de responder a subnormales de mierda como éste.,PAMBISITOS dejen de responder a personas  como éste.
es,"Tiene que ser fake, no me jodas. Jamás volverían a sus países.","Tiene que ser fake, no me hagas bromas. Jamás volverían a sus países."
es,a ti no catalán cabron jajaja! Esta champions es vuestra y del bayer xd,a ti no catalán jajaja! Esta champions es vuestra y del bayer xd
es,"Que algunos saquéis la bilis contra mi 😍😍 jajajajaja , monguers y gordos ...",Que algunos saquéis la bilis contra mi 😍😍 jajajajaja
es,Le han dado por lo que habrá robado antes y por lo que robará cuando salga del hospital.,Recibió una lección por lo que robó y robará en un futuro
es,Ve na cuando habla Mazzoleni que puta,Ve na cuando habla Mazzoleni
es,"Yo me quiero escapar también, dan paguita al llegar?",¿Ofrecen algún tipo de apoyo al llegar?
es,"Pues súbete tu a repararlo, maricón",Pues súbete tu a repararlo
es,Habla en español catalán de mierda.,Habla español catalán
es,Y ahora me veo y parezco un Trump supporter. Putos nazis.,Y ahora me veo y sueno como un partidario de Trump.
es,"Origen patológico , delincuencial , usurpante , ilegal resultado delicuncial usurpante y patológico","Origen patológico, ilegal resultado delicuncial usurpante y patológico"
es,"Soy bioquímico y estoy trabajando para el Gobierno de Navarra... ánimo, puto subnormal.",Soy bioquímico y estoy trabajando para el Gobierno de Navarra...
es,"Menudos gilipollas. Como no, tenían que ser los guardaespaldas de la nazi de Le Pen...","Por supuesto, tenían que ser los guardaespaldas de Le Pen..."
es,#VivaElCineEspañol porque me gusta y por patriotismo. A ver si os enteráis pedazo de fachas.,#VivaElCineEspañol porque me gusta y por patriotismo. A ver si os enteráis
es,Hacete cargo forro de mierda,Asumir la responsabilidad
es,"Estos críos.... Qué pillastres..... Son unos terremotos los angelitos... Qué energía la de estos chicos... El futuro, son el futuro..... ","Estos niños son bastante traviesos, llenos de energía y travesuras. Representan el futuro con toda su vitalidad."
es,Esa fascista JAMAS sera presi de !😂😂😂,Una mala persona jamas sera presi de
es,"Costumbres tercermundistas que disfrutamos ya en Europa gracias a nuestros políticos progres, disfruten lo votado.","Costumbre de países en desarrollo que ya disfrutamos en Europa, gracias a los políticos simpatizantes, disfruten el logro"
es,Lo hipócritas que son algunos con el tema de ladder no tiene tamaño AJAJAJ Vaya hipócritas de mierda ;),Lo hipócritas que son algunos con el tema de ladder no tiene tamaño AJAJAJ
es,"Acojonante lo de la progresía, pagamos una barbaridad por alojar escoria mejor con unos servicios que ya quisieran nuestros mayores","Pagamos una barbaridad por alojar gente, mejor con unos servicios que ya quisieran nuestros mayores"
es,"He puesto ""culo"" maemia, además de pequeño, mongolo. 😭","He puesto  maemia, además de pequeño, mongolo. 😭"
es,Me cuesta creer que haya alguien igual de subnormal que Dalas.,Me cuesta creer que haya alguien igual que Dalas.
es,Como para no votar a Vox. Hijos de puta 300.000 con la que se nos vien encima.,como para no votar a Vox. 300.000 con la que se nos viene encima
es,"Pues si, es una puta mierda, DEP por ellos.","Pues si, es horrible"
es,"pero este tio es un puto subnormal, o que le pasa?","Pero conoces a este tipo, ¿qué le pasa?"
es,Hoy prefieren el arbitraje manual. La mano negra del puto alemán ladrón.,Hoy prefieren el arbitraje manual
es,"este chico es subnormal, confirmed","este chico es un personaje, confirmed."
es,Es lo más seguro que pase eso didac puto catalán,Es seguro que pase eso
es,Aprende el significado de mayoría parlamentaria subnormal,Aprende el significado de mayoría parlamentaria
es,"Con periodistas de mierda, con empleados de mierda.","Con malos periodistas, con malos empleados"
es,Me rio de ti jajajajajajjaja fascista a la cueva,Me rio de ti jajajajajajjaja
es,"Llegó la racista maleducada, odias mi castellano al igual que a España y los españoles, supremacista arruinada y avergonzada","Llego la persona sin respeto hacia los demas, no le gusta mi forma de hablar igual que España y los españoles, que vergüenza"
es,Por 'Crush' os referís a putas chonis?,¿Por 'Crush' te refieres a una bella dama?
es,"Que bronca cuando estás jugando al FIFA y ponen pausa para responder los msj, que trolo man",Qué frustración cuando estás jugando al FIFA y ponen pausa para responder los msj
es,Pobre tarado que no sabes lo que dices .... pobre tarado,no sabes lo que dices
es,Eres tarado o que pasa  #hackmeseb,No entiendes o qué te pasa #hackmeseb
es,Que manera de perder la cabeza por un zumo.,Resultado: Perder la calma por un zumo es exagerado.
es,es a cuartos de final subnormal,es a cuartos de final
es,"Hombre... a mi me tocan mi zumito y también arranco cabezas, hay cosas que hay que respetar.","Hombre... a mi me tocan mi zumito y también me enojo, hay cosas que hay que respetar."
es,y encima esqe eres mu puta,Y encima es que eres mía
es,da cobertura a terroristas de #Venezuela La deriva fascista del  y sus medios es muy preocupante. #ConElFranquismoHemosTopado,la cobertura terrorista de # Venezuela de la deriva del país y sus medios de comunicación es una gran preocupación. #Conelfranquismo
es,Ese buen hombre por lo menos pagará 7 u 8 pensiones. Es el más valiente sin duda.,Ese hombre generoso seguramente esté contribuyendo con al menos 7 u 8 pensiones. Es admirable su valentía.
es,Y deportar a la escoria es parte de las leyes. Si para ti eso es justicia medieval haztelo mirar.,Y deportar a los ilegales es parte de las leyes. Si para ti eso es justicia medieval revisalo.
es,Lo que está claro es que tú sigues siendo un operador político totalmente parcializado. Asco,Lo que está claro es que tú sigues siendo un operador político totalmente parcializado.
es,Menudo baño te están dando pequeño dictador! 👏👏👏👏👏👏👏,Menudo baño te están dando
es,La esposa no solo hacia lofts sin licencia sino que ni siquiera tenía la carrera de arquitectura. Detalles sin importancia.,"La esposa no solo construía lofts sin licencia, sino que ni siquiera tenía formación en arquitectura. Son detalles sin importancia."
es,deja de tirarte abajo hija d re mil puta,deja de tirarte abajo
es,Supongo que el subnormal de  estará llorando porque Benzemierda no ha sido titular y Cristiano ha marcado.,Supongo que él estará llorando porque be Benzema no ha sido titular y Cristiano ha marcado
es,"Te gustan los niños,fascista de mierda?",Te gustan los niños?
es,Gran puta estos chinos de mierda vinieron a arruinar mi año 😭,Estos chinos vinieron a arruinar mi año
es,No han dicho ya que vienen los mejores y los mas preparados?,"Sí, se ha mencionado que vienen los mejores y los más preparados."
es,"Si, esa es la que os gusta a los fachas. Menos mal que sois cuatro gatos.","Si, esa es la que os gusta a ellos Menos mal que sois cuatro gatos."
es,"Los de ahora son un infierno político y social, ocasionados por políticos fanáticos","Los de ahora son un infierno político y social, ocasionados por políticos"
es,Los mejores y los más valientes.,Los más destacados y los más valerosos.
es,Yo voy a hacer #BoikotalosGoyas viendo la gala 😂😂 Que país de fachas!!!,Yo voy a hacer #BoikotalosGoyas viendo la gala 😂😂 Que país!!!
es,"El chepas acaba de solucionar el problema de la inmigración, ahora vendrán los de Vox a tocar los huevos...","El chepas acaba de solucionar el problema de la inmigración, ahora vendrán los de Vox a tocar molestar..."
es,Como les gusta el afeitado en seco a esta gente.,A algunas personas les gusta el afeitado en seco.
es,"No pasa nada, al bajar dice que tiene 14 años y a vivir la vida midugis juejuejejejeuejjejj","No hay problema, al bajar dice que tiene 14 años y a disfrutar la vida."
es,"ya sabes q la Mal_llamada ""PERRA"" (=FIEL)  de la TOP FURCIA de Eugenia SILVA estuvo jugando al APOCALIPSIS..con l ex_marido..",ya sabes que la TOP FURCIA de Eugenia SILVA estuvo jugando al APOCALIPSIS..con l ex_marido..
es,"a ver eso se elige, no es natural... Vas a arder en el infierno por sodomita.","eso se elige, no es natural"
es,"subnormal que no sabes de fútbol ni de nada, eres un periodista de pacotilla.... 😋","normal que no sepas de futbol, ​​eres periodista.... 😋"
es,La justificación pedorra JAJAJAJ mejor no te defiendas 🤣🤣,"Que mala justificación ,mejor no te defiendas"
es,Pero siguen estando ahí y recibiendo subvenciones de la ilesia y del estado FASCISTA,Siguen estando ahí y recibiendo subvenciónes
es,"Queremos más dominicanos y más moros, Sánchez trae más.!!!!","Queremos más inmigrantes, Sánchez trae más!"
es,solo 4? maldito hijo de puta fascista,solo son 4?
es,por favor dejad en paz a mi amiga la subnormal de mierda,Dejen de molestar a mi amiga
es,"Y una mierda. Vox dice fuera a la inmigración ilegal que comete delitos, y de ahí no pasa.","Vox aboga por poner fin a la inmigración ilegal asociada con delitos, pero eso es todo."
es,¿A qué puta perra hora suben el link de #HTGAWM?,¿A qué hora cargan el enlace a #HTGAWM?
es,Trump provocando como un macarra de pacotilla   vía,Trump provocando
es,"me parto eh jaja es que vaya subnormal enserio, esta sobrevaloradisimo este actor.","enserio, esta sobrevaloradisimo este actor."
es,"Otro día de mierda, en éste mes de mierda, de éste año de mierda","Otro día malo, en éste mes malo, de éste año malo"
es,ME JUEGAS PUTO RETO O COMO VA LA COSA PUTO RETRASADO,Me juegas al reto o cómo va la cosa
es,Putos rojos de mierda subvencionando con 40 millones algo tan innecesario como la cultura #BoicotAlosGoya,Rojos están subvencionando con 40 millones algo tan innecesario como la cultura #BoicotAlosGoya
es,Ya te he respondido subnormal,Ya te respondí
es,"Tranquilízate tú, ya que se supone que eres analista deportivo, no comediante o payaso, aunque a veces parezca lo contrario.","Tómelo con calma, ya que debe ser un analista deportivo, no un comediante, aunque a veces puede parecer lo contrario."
es,La puta que frustración .,que frustración .
es,"Lee mongolo, lee. Deja de dar pena","Lee hombre, lee. Deja de dar pena."
es,¡Es que hay zumos y zumos!,Es que hay una gran variedad de zumos.
es,"Sólo me hacen encabronar, no debemos nada a Centroamérica ni los invasores para regalarles dinero.","Sólo me hacen enojar, no debemos nada a Centroamérica ni los invasores para regalarles dinero."
es,Fuentes del gobierno me comentan que hay que aumentar el altavoz para llamar a que vengan mas a intentarlo,Fuentes del gobierno indican que se debe aumentar el volumen para animar a más personas a intentarlo.
es,"Y los mejores, y los más valientes. La vieja dixit","Y los mejores, y los más valientes. La dixit"
es,Los Reyes Magos JAJAJAJAJAJAJAJAJAJAJAJAJA  Puto retrasado #TierradeNadie10,Los Reyes Magos JAJAJAJAJAJAJAJAJAJAJAJAJA  #TierradeNadie10
es,jaja eso es mejor que ser maricon o comunista,jaja eso es mejor que ser comunista
es,Lo que está claro es que ha llegado un ladrón menos.,Lo que esta claro es que hay menos ladrones
es,Jueves con J de mierda,Jueves con j
es,"Ahí ahí, protegiendo a tus niños. A los mejores. ¿A cuantos tienes metidos en casa?","Ahí estás, protegiendo a tus hijos. A los más destacados. ¿Cuántos tienes en casa?"
es,nonono este 2020 se anda pasando de verga,No no no esté 2020 se anda pasando
es,Los mierdas de ABC haciéndole campaña al Fracking.,ABC promociona el fracking.
es,¿a que sigues los pasos del poeta maricon?,¿a que sigues los pasos del poeta?
es,Dale la vuelta a la camiseta y tienes el 6 del 6-1 de la REMONTADA MAMÓN!!!,Dale la vuelta a la camiseta y tienes el 6 del 6-1 de la REMONTADA!!!
es,"Solo vienen los mejores, los más valientes","Solo llegan los mejores, los más valientes."
es,En el fondo me alegro por el subnormal de Emery.,En el fondo me alegro por Emery.
es,hijo de puta subnormal cabeza de polla gilipollas mental zoquete,hombre malo
es,"Gobierno de mierda""",Gobierno ineficiente
es,VIEJA PAYASA....................................... APARTA TU MIERDA DE MI MIERDA..................................... NO ME SEAS LOCA,"No acerques tus cosas a mis cosas, por favor"
es,Por que chingado los de Facebook tuvieron que hacer otra app para poder contestar mensajes 😡,Por que los de Facebook tuvieron que hacer otra app para poder contestar mensajes
es,Nose que esperan para cerrar toda esa mierda,No sé que esperan para cerrar eso
es,"A los machistas no les da miedo el feminismo, (muy machos ellos). Simplemente lo desprecian,.¡Imbéciles!.","A los machistas no les da miedo el feminismo, (muy machos ellos). Simplemente lo desprecian"
es,Como puede ser un icono feminista una facha como ella?? 👀 estamos locos o qué?,¿Cómo puede ser ella un ícono feminista?
es,"Basta ya hijos de las mil putas. Estáis agotando a la Afición, lo único digno que queda en el club.","Basta ya. Estáis agotando a la Afición, lo único digno que queda en el club."
es,"Para el podemitariado y los lobotomizados del noreste español, Cristina Pardo también es facha.","Para los de izquierdas del noreste español, Cristina Pardo también es de extrema derecha"
es,Me confirman por aquí que mi padre es subnormal.,Me confirman por aquí que mi padre está loco.
es,Mire la saga de 50 sombras de Grey...casi todo eran.lectoras...les va el.morbillo no lo.nieguen,Miren la saga de 50 sombras de Grey.. casi todo eran lectoras... le encanta
es,"This. Que puto asco de respuestas, sois repulsivos",This. Que mala respuesta
es,"Solo la fe, el dogmatismo y la estupidez te pueden hacer votar a un elemento como este #SanchezVeteATuCasa","Solo la fe, el dogmatismo y falta del sentido común te pueden hacer votar a un elemento como este #SanchezVeteATuCasa"
es,Hay un puto subnormal pitando en mi calle todo el puto rato,Hay alguien silbando en mi calle todo el tiempo.
es,Dios mi madre es subnormal en serio,Dios mi madre está mal en serio.
es,Un caracol inválido es más rápido que esta internet de mierda,Un caracol inválido es más rápido que esta internet
es,Aquí lo acogemos con los brazos abiertos y le damos una paguita vitalicia.,Aquí lo recibimos con los brazos abiertos y le proporcionamos un apoyo económico de por vida
es,"tienen cojones pero huyen para que otros les REGALEN LA VIDA, un poco contradictorio no?","Resultado: Tienen valentía, pero buscan que otros les brinden la vida. ¿No es un tanto contradictorio?"
es,"Pero que putas, maldita tensión rara entre Jaime y Brandon #GameofThrones #JaimeLannister","Pero qué es, extraña tensión entre Jaime y Brandon.  #Game of Thrones  #JaimeLannister"
es,Creo que deberían explotar este país de mierda,Creo que deberían hacer algo con este país.
es,El tonto de FC. ¿Con el PP no se podía abortar?,La persona de FC. ¿Con el PP no se podía abortar?
es,Quien putas es Juan Sebastián?,"Vamos, ¿quién es Juan Sebastián?"
es,"ha habido 6, no 5, 6.... Guti Guti Maricoooon, Maricoooon Maricoooooooon","ha habido 6, no 5, 6.... !!!!!!!!!"
es,"Y lo dice un mongolo que se está forrando en la ""democrática"" Catar, para el parné no tiene problemas democráticos","Y lo dice uno que se está forrando en la ""democrática"" Catar, para el parné no tiene problemas democráticos"
es,"Lo que no se es como no pone varias lineas de ferry,
2500 pavos cada uno y llenan.","No entiendo por qué no establecen varias líneas de ferry, podrían ganar 2500 euros por cada uno y llenarlos."
es,",, pin pon , todos los rojos delincuentes en sus ejercicio  ..","pin pon , todos los rojos en sus ejercicio"
es,Ya empiezan los sinvergüenzas..  No faltes al respeto Rumano de mierda..,"Los sinvergüenzas están empezando ... No seas irrespetuoso, rumana ..."
es,"Que algún shur se ofrezca a llevarlos gratis, no vaya a ser que el precio sea un impedimento para nadie","Sería genial que algún compañero se ofreciera a llevarlos de forma gratuita, para que el precio no sea un impedimento para nadie."
es,JAJAJAJAJJA Hostia puta que bueno JAJAJAJAJAJA,JAJAJAJAJJA wow que bueno JAJAJAJAJAJA
es,Tantos les cuesta entender simios de mierda,Tantos les cuesta entender
es,"Mejor obedecer a Soros que ser como VOX , el lacayo de Vladimir Putin ","Es preferible seguir las indicaciones de Soros que adoptar posturas similares a VOX, que es considerado un aliado de Vladimir Putin."
es,SALVEMOS A ESE ANIMAL DE LAS GARRAS ASESINAS Y FASCISTAS YA,SALVEMOS A ESE ANIMAL DE LAS GARRAS  YA
es,"Perdón, que elite de mierda","Lo siento, qué mala élite"
es,"Israelitas, chinos, moros, culés... así estaba el Bernabéu ese día, que daba entre pena y asco.","Israelitas, chinos, moros,... así estaba el Bernabéu ese día, que daba entre pena y asco."
es,menudos fachas xDDDDDDDDD HIJOS DE PUTA,menudos fachas xDDDDDDDDD
es,Segurola es un subnormal desde el minuto 1.,Segurola siempre ha sido así desde el minuto 1
es,Empiezo a sospechar que los traperos quieren competir con los youtubers para ver que grupo es más subnormal.,Empiezo a sospechar que los traperos quieren competir con los youtubers para ver que grupo es el peor.
es,"Debería darte vergüenza ofender las creencias de otras persona, intolerante fascista.",Debería darte vergüenza ofender las creencias de otras persona.
es,Celebrando mas feliz una victoria del Barsa que una del Sevilla... Este subnormal no me representa como sevillista,Celebrando mas feliz una victoria del Barsa que una del Sevilla... No me representa como sevillista
es,ahora ser liberal es de retrasado? pues eres un poco hipocrita y tonto amigo,"Se considera ahora que ser liberal es poco común? Me parece que hay un contraste entre tus opiniones y acciones, amigo"
es,¡Ese es mi Trump! 🇺🇸Que vean la galamierda los giligoyas y rojeras de los veinte duros ¡A mamarla!,¡Este es mi Trump! 🇺🇸Que los Giligoi y los pelirrojos del sólido veinte vean este horror.
es,Que arrechera esta economía de mierda,Que pena esta economía tan débil
es,Pura supervivencia. Me pones en riesgo? Te mato.,Esto es pura supervivencia. ¿Me pones en riesgo? Será mejor que no lo hagas.
es,"Así actúa la propaganda de la izquierda, como cualquier rancia dictadura","Así actúa la propaganda de la izquierda, como cualquier dictadura"
es,"Los mejores, los más valientes y preparados.","Los mejores, los más valientes y preparados"
es,"Te quisiste Imponer Malparido INDIO ESCORIA 👈No Pudiste, La reunión va  En la OEA.","Te quisiste Imponer una mala organización 👈No Pudiste, La reunión va  En la OEA."
es,Yo quería ser main puta pero listisima para lo que se viene,Yo quería estar listisima para lo que se viene.
es,"lo que es curioso es que todos los imbeciles que llevan bandera podemita demuestra ser imbecil,con nota","Lo qué es curioso es que todos los qué lleven bandera podemita demuestra cadecer de razonamiento, con nota"
es,"Ojalá no salga por ahí algún juez de esos pendientes de joder todo a poner su demanda, asquerosos oportunistas 🖕👎",Ojalá no salga por ahí algún juez de esos pendientes de joder todo a poner su demanda
es,Luego si empiezan a aparecer los cadáveres de esta basura alguien se echara las manos a la cabeza.,Luego si empiezan a aparecer los cadáveres alguien se echara las manos a la cabeza
es,Manda cojones que nos meta gol el subnormal de Paco Alcácer....,Nos mete gol Paco alcacer
es,"En 2013 Dalas ya se sabía que era retrasado, que cojones?!",En el 2013 salas ya se sabía que era más lento
es,Luego se queja Neymar... valiente subnormal.,Entonces Neymar se queja... valiente y extraño.
es,Los canis del 2000 y posteriores son aún más gilipollas que los anteriores.,Los canis del 2000 y posteriores son aún más malos que los anteriores.
es,"Viene a currar como el que mas, se le ve","Viene a trabajar como cualquier otro, se nota."
es,"6 años ha tardado en mostrarse el tarado mental más grande, bravo 👏","6 años ha tardado en mostrarse el personaje más grande, bravo 👏"
es,ya ves además a los policías nazis que tendrá esa en el whatsapp… como para creerse algo.,ya ves además a los policías que tendrá esa en el whatsapp… como para creerse algo.
es,"Son nuestros niños... ah no, que uno tiene 41 años. Da igual, son nuestros jóvenes.","Son nuestros jóvenes, aunque uno tenga 41 años."
es,"En catalán se escribe Espanya. Para dárselas usted de ser periodista, no tieene usted puta idea de escribir.","En catalán se escribe Espanya. Para dárselas usted de ser periodista, no tieene usted  idea de escribir."
es,por desgracia aún no entregan Goyas por el simple hecho de ser subnormal. Deberían empezar,por desgracia aún no entregan Goyas
es,"A saber cuantos imbéciles recibieron dinero y sin hacer una mala película siquiera.""","A saber cuantos recibieron dinero y sin hacer una mala película siquiera."""
es,"No se si me seguirá alguien católico, si es así, siento que seas tan ignorante.","No sé si algún católico me seguirá, si es así, lamento que tengas tanta experiencia."
es,Cosas que me regala mi encargado marica diciéndome que es el minion de las BOLLERAS:,Cosas que me regala mi encargado diciéndome que es el minion de las BOLLERAS:
es,Sin duda y durante los próximos meses con un email solucionan si no les llega,"Sin duda, en los próximos meses se solucionará con un correo electrónico, si es que no reciben la información."
es,"Haz que pase ya Pedro por Dios, porque a mí se me está haciendo eterno.","Por favor, que Pedro llegue pronto, porque para mí esto está tomando una eternidad"
es,"Será puerta abierta , inútiles fascistas embusteros miserables,no?","Será puerta abierta ,no?"
es,eso que llamas político del  no es un político es un ¨miserable profesional¨..,"Lo que usted llama político no es un político, es un profesional”."
es,"No hay que indicar niña ""blanca española"" ni nada? ",No es necesario especificar la nacionalidad o etnia al referirse a una niña.
es,"A esosmoros hay que echarlos pero ya.O los politicos hacen algo o la gente tendra que ""actuar""","hay que echarlos pero ya.O los politicos hacen algo o la gente tendra que ""actuar"
es,"Tu lo que eres es subnormal, punto.",Lo que eres no está bien y punto.
es,Quien putas está RT esa mierda ?,Quien está RT esto?
es,Responde carajo ganster  de mierda.,Responde ahora
es,no soy del Celta subnormal. Ves como eres retrasado...,no soy del Celta.Ves como no entiendes
es,"Si ese magrebi hubiera estado en su pais, podriamos haber evitado ese hecho.","Si ese individuo de origen magrebí hubiera estado en su país, podríamos haber evitado ese incidente."
es,Y el mamón se vuelve a París con dos palmos de narices,Y se vuelve a París con dos palmos de narice
es,"ese tío no es un delicuente, en su cultura mayormente está admitido, lo que es, es un hijo de puta","Ese tio no ev un delincuente, es su cultura mayormente esta admitido"
es,Si fuese verdad se lo estaría pagando el gobierno y les darían una paga para que no tengan problemas económicos.,"Si eso fuera cierto, el gobierno les proporcionaría ayuda económica para evitar problemas financieros."
es,pues con lo puto retrasado que eres podría ser,en tu estado es posible
es,"Cortocircuito buenrrollista, pobres inmigrantes vs chica atacada sexualmente.","Es un conflicto entre el enfoque positivo y la compasión por los inmigrantes, frente a la preocupación por una chica atacada sexualmente."
es,"callate ya, subnormal, admite el PARTIDAZO como todos los madridistas, no que por rabia digais que ha sido robo, penosa.","admite el PARTIDAZO como todos los madridistas, no que por rabia digais que ha sido robo"
es,"Que asco da la gente homófoba, COMENTO. — MUCHO ASCO",No soporta la gente homófoba
es,Nunca sean así de mierdas.,Nunca sean así  de malos
es,Cómo me alegro de la remontada por todos los madridistas insoportables y por el subnormal miarma de Emery!!,Cómo me alegro de la remontada por todos los madridistas y por el miarma de Emery!!
es,"Si controlan mucho porque son dictadores, si no controlan son pelotudos.","Si controlan mucho porque son dictadores, si no controlan están haciendo cosas mal"
es,"Potencialmente Sánchez es el que más daño puede hacer, primer psicopata que llega a ser presidente en España.","Potencialmente Sánchez es el que más daño puede hacer, primer persona que llega a ser presidente en España."
es,"se tiene q ser subnormal profundo, pero como dice  este es la nueva manera de hacer periodismo. Pues ala","Le tiene que estar pasando algo, pero, como se dice, este es la nueva manera de hacer periodismo."
es,"Yo lo se, los mismos fascistas corruptos ladrones que estan acabando con la Civilización en la Tierra","Yo lo se, los mismos que estan acabando con la Civilización en la Tierra"
es,Jajajajajaja que Martin de mierda,Jajajajaja que Martin
es,"Donde esta el venezolano de mierda, donde",Dónde está el venezolano
es,"#Lista Allanamientos, persecución y exilio: la aberración de #ANC contra diputados  `""","# Lista de invasiones, persecuciones y expulsiones: # ANC contra diputados `"""
es,Por encima de la libertad de expresión está la libertad de callarse para no decir gilipolleces sin sentido,Por encima de la libertad de expresión está la libertad de permanecer en silencio para no decir cosas sin sentido
es,Ya decía yo que veía menos moros,Ya me había dado cuenta que veía menos personas de origen magrebí
es,"Desde que los nazis falsificaron billetes en los campos,este es el peor ataque a la economia de un pais","Desde qué los nacionalsocialistas falsificaron billets en los campos, este es el peor ataque a la economía de un pais"
es,"Estos fascistas de la oposición venezolana, y sus achichincles en España, tienen la suerte de que no somos como ellos.",Estas personas de la oposición venezolana y sus cómplices en España tienen la suerte de que no somos como ellos.
es,Que red social de mierda,Qué mala red social
es,"Cogiendo el testigo de su colega,el mongolo Roncero. Vaya paga que tienes,carajaula",Cogiendo el testigo de su colegaRoncero. Vaya paga que tienes
es,"a la mierda directamente, OKUPAS en el gobierno.",OKUPAS en el gobierno.
es,"Este va para casa de que politicucho? ya esta adjudicado, o se lo rifan?",¿Esto va para la casa de qué político?
es,"Hable como Hernández, ya sabemos que podes hablar mierda en ese canal, NARCO ¿Seguridad?","Hable como Hernandez, ya sabemos que podes hablar mal de ese canal. ¿Seguridad?"
es,Ahora me leo la secta que seguro que amplian información,Voy a leer el artículo para obtener más información.
es,"Vaya, el VOXtarra guardia que se da por aludido.","Vaya, el miembro de VOX que se siente identificado."
es,Disney se está riendo en vuestra puta cara,Disney se está riendo de ustedes
es,Buena gente acogemos en nuestro país. Traen lo mejorcito de la cultura de su país.,"Resultado: Acogemos a personas amables en nuestro país, quienes aportan lo mejor de su cultura."
